模块|文件|SQL id|风险|建议改法|状态|优先级
biz|EquipmentPurchaseApplicationMapper.xml|deleteEquipmentPurchaseApplicationById|高|增加 bind 当前租户并在 where 强制 tenant_id = #{tenantId}|已整改|P0
biz|EquipmentPurchaseApplicationMapper.xml|deleteEquipmentPurchaseApplicationByIds|高|增加 bind 当前租户并在 where 强制 tenant_id = #{tenantId}|已整改|P0
biz|EquipmentPurchaseApplicationMapper.xml|selectEquipmentPurchaseApplicationById|高|增加 bind 当前租户并在 where 强制 tenant_id = #{tenantId}|已整改|P0
biz|EquipmentPurchaseApplicationMapper.xml|updateEquipmentPurchaseApplication|高|增加 bind 当前租户并在 where 强制 tenant_id = #{tenantId}|已整改|P0
caigou|PurchaseOrderMapper.xml|insertPurchaseOrderEntry|高|增加 bind 当前租户并在 where 强制 tenant_id = #{tenantId}|已整改|P0
caigou|PurchasePlanEntryApplyMapper.xml|logicDeleteByPlanId|高|增加 bind 当前租户并在 where 强制 tenant_id = #{tenantId}|已整改|P0
caigou|PurchasePlanEntryApplyMapper.xml|logicDeleteByPurchasePlanEntryId|高|增加 bind 当前租户并在 where 强制 tenant_id = #{tenantId}|已整改|P0
caigou|PurchasePlanEntryApplyMapper.xml|selectApplyDetailsByEntryId|高|增加 bind 当前租户并在 where 强制 tenant_id = #{tenantId}|已整改|P0
caigou|PurchasePlanEntryDepApplyMapper.xml|logicDeleteByPlanId|高|增加 bind 当前租户并在 where 强制 tenant_id = #{tenantId}|已整改|P0
caigou|PurchasePlanEntryDepApplyMapper.xml|selectApplyDetailsByEntryId|高|增加 bind 当前租户并在 where 强制 tenant_id = #{tenantId}|已整改|P0
caigou|PurchasePlanEntryDepApplyMapper.xml|selectDepApplyEntryIdsByEntryId|高|增加 bind 当前租户并在 where 强制 tenant_id = #{tenantId}|已整改|P0
caigou|PurchasePlanEntryDepApplyMapper.xml|selectEntryBillNosByPlanId|高|增加 bind 当前租户并在 where 强制 tenant_id = #{tenantId}|已整改|P0
caigou|PurchasePlanEntryDepApplyMapper.xml|updateFillApplyInfo|高|增加 bind 当前租户并在 where 强制 tenant_id = #{tenantId}|已整改|P0
caigou|PurchasePlanMapper.xml|insertPurchasePlanEntry|高|增加 bind 当前租户并在 where 强制 tenant_id = #{tenantId}|已整改|P0
department|BasApplyMapper.xml|deleteBasApplyById|高|增加 bind 当前租户并在 where 强制 tenant_id = #{tenantId}|已整改|P0
department|BasApplyMapper.xml|deleteBasApplyByIds|高|增加 bind 当前租户并在 where 强制 tenant_id = #{tenantId}|已整改|P0
department|BasApplyMapper.xml|deleteBasApplyEntryByParenId|高|增加 bind 当前租户并在 where 强制 tenant_id = #{tenantId}|已整改|P0
department|BasApplyMapper.xml|deleteBasApplyEntryByParenIds|高|增加 bind 当前租户并在 where 强制 tenant_id = #{tenantId}|已整改|P0
department|BasApplyMapper.xml|updateBasApply|高|增加 bind 当前租户并在 where 强制 tenant_id = #{tenantId}|已整改|P0
department|BasApplyTemplateMapper.xml|batchInsertEntry|高|增加 bind 当前租户并在 where 强制 tenant_id = #{tenantId}|已整改|P0
department|BasApplyTemplateMapper.xml|deleteBasApplyTemplateById|高|增加 bind 当前租户并在 where 强制 tenant_id = #{tenantId}|已整改|P0
department|BasApplyTemplateMapper.xml|deleteEntryByParenId|高|增加 bind 当前租户并在 where 强制 tenant_id = #{tenantId}|已整改|P0
department|BasApplyTemplateMapper.xml|updateBasApplyTemplate|高|增加 bind 当前租户并在 where 强制 tenant_id = #{tenantId}|已整改|P0
department|DepInventoryWarningMapper.xml|deleteDepInventoryWarningById|高|增加 bind 当前租户并在 where 强制 tenant_id = #{tenantId}|已整改|P0
department|DepInventoryWarningMapper.xml|deleteDepInventoryWarningByIds|高|增加 bind 当前租户并在 where 强制 tenant_id = #{tenantId}|已整改|P0
department|DepInventoryWarningMapper.xml|selectDepInventoryWarningById|高|增加 bind 当前租户并在 where 强制 tenant_id = #{tenantId}|已整改|P0
department|DepInventoryWarningMapper.xml|updateDepInventoryWarning|高|增加 bind 当前租户并在 where 强制 tenant_id = #{tenantId}|已整改|P0
department|DepPurchaseApplyMapper.xml|deleteDepPurchaseApplyById|高|增加 bind 当前租户并在 where 强制 tenant_id = #{tenantId}|已整改|P0
department|DepPurchaseApplyMapper.xml|deleteDepPurchaseApplyByIds|高|增加 bind 当前租户并在 where 强制 tenant_id = #{tenantId}|已整改|P0
department|DepPurchaseApplyMapper.xml|deleteDepPurchaseApplyEntryByParentId|高|增加 bind 当前租户并在 where 强制 tenant_id = #{tenantId}|已整改|P0
department|DepPurchaseApplyMapper.xml|deleteDepPurchaseApplyEntryByParentIds|高|增加 bind 当前租户并在 where 强制 tenant_id = #{tenantId}|已整改|P0
department|DepPurchaseApplyMapper.xml|updateDepPurchaseApply|高|增加 bind 当前租户并在 where 强制 tenant_id = #{tenantId}|已整改|P0
department|DeptBatchConsumeMapper.xml|insertDeptBatchConsume|高|增加 bind 当前租户并在 where 强制 tenant_id = #{tenantId}|已整改|P0
department|DeptBatchConsumeMapper.xml|selectAuditedConsumeDetailList|高|增加 bind 当前租户并在 where 强制 tenant_id = #{tenantId}|已整改|P0
department|DeptBatchConsumeMapper.xml|selectDeptBatchConsumeList|高|增加 bind 当前租户并在 where 强制 tenant_id = #{tenantId}|已整改|P0
department|NewProductApplyMapper.xml|batchNewProductApplyDetail|高|增加 bind 当前租户并在 where 强制 tenant_id = #{tenantId}|已整改|P0
department|NewProductApplyMapper.xml|batchNewProductApplyEntry|高|增加 bind 当前租户并在 where 强制 tenant_id = #{tenantId}|已整改|P0
department|NewProductApplyMapper.xml|deleteNewProductApplyById|高|增加 bind 当前租户并在 where 强制 tenant_id = #{tenantId}|已整改|P0
department|NewProductApplyMapper.xml|deleteNewProductApplyByIds|高|增加 bind 当前租户并在 where 强制 tenant_id = #{tenantId}|已整改|P0
department|NewProductApplyMapper.xml|deleteNewProductApplyDetailByParentId|高|增加 bind 当前租户并在 where 强制 tenant_id = #{tenantId}|已整改|P0
department|NewProductApplyMapper.xml|deleteNewProductApplyEntryByParentId|高|增加 bind 当前租户并在 where 强制 tenant_id = #{tenantId}|已整改|P0
department|NewProductApplyMapper.xml|deleteNewProductApplyEntryByParentIds|高|增加 bind 当前租户并在 where 强制 tenant_id = #{tenantId}|已整改|P0
department|NewProductApplyMapper.xml|selectNewProductApplyById|高|增加 bind 当前租户并在 where 强制 tenant_id = #{tenantId}|已整改|P0
department|NewProductApplyMapper.xml|updateNewProductApply|高|增加 bind 当前租户并在 where 强制 tenant_id = #{tenantId}|已整改|P0
department|StkDepInventoryMapper.xml|deleteStkDepInventoryById|高|增加 bind 当前租户并在 where 强制 tenant_id = #{tenantId}|已整改|P0
department|StkDepInventoryMapper.xml|deleteStkDepInventoryByIds|高|增加 bind 当前租户并在 where 强制 tenant_id = #{tenantId}|已整改|P0
department|StkDepInventoryMapper.xml|selectDepartmentInOutDetailList|高|增加 bind 当前租户并在 where 强制 tenant_id = #{tenantId}|已整改|P0
department|StkDepInventoryMapper.xml|selectStkDepInventoryById|高|增加 bind 当前租户并在 where 强制 tenant_id = #{tenantId}|已整改|P0
department|StkDepInventoryMapper.xml|selectTKStkInvntoryByBatchNo|高|增加 bind 当前租户并在 where 强制 tenant_id = #{tenantId}|已整改|P0
department|StkDepInventoryMapper.xml|updateStkDepInventory|高|增加 bind 当前租户并在 where 强制 tenant_id = #{tenantId}|已整改|P0
equipment|EquipmentCategoryMapper.xml|deleteEquipmentCategoryByCategoryId|高|增加 bind 当前租户并在 where 强制 tenant_id = #{tenantId}|已整改|P0
equipment|EquipmentCategoryMapper.xml|deleteEquipmentCategoryByCategoryIds|高|增加 bind 当前租户并在 where 强制 tenant_id = #{tenantId}|已整改|P0
equipment|EquipmentCategoryMapper.xml|updateEquipmentCategory|高|增加 bind 当前租户并在 where 强制 tenant_id = #{tenantId}|已整改|P0
equipment|EquipmentFileMapper.xml|deleteEquipmentFileByFileId|高|增加 bind 当前租户并在 where 强制 tenant_id = #{tenantId}|已整改|P0
equipment|EquipmentFileMapper.xml|deleteEquipmentFileByFileIds|高|增加 bind 当前租户并在 where 强制 tenant_id = #{tenantId}|已整改|P0
equipment|EquipmentFileMapper.xml|updateEquipmentFile|高|增加 bind 当前租户并在 where 强制 tenant_id = #{tenantId}|已整改|P0
equipment|EquipmentInfoMapper.xml|deleteEquipmentInfoById|高|增加 bind 当前租户并在 where 强制 tenant_id = #{tenantId}|已整改|P0
equipment|EquipmentInfoMapper.xml|deleteEquipmentInfoByIds|高|增加 bind 当前租户并在 where 强制 tenant_id = #{tenantId}|已整改|P0
equipment|EquipmentInfoMapper.xml|selectEquipmentInfoById|高|增加 bind 当前租户并在 where 强制 tenant_id = #{tenantId}|已整改|P0
equipment|EquipmentInfoMapper.xml|updateEquipmentInfo|高|增加 bind 当前租户并在 where 强制 tenant_id = #{tenantId}|已整改|P0
equipment|EquipmentReturnDetailMapper.xml|batchInsertEquipmentReturnDetail|高|增加 bind 当前租户并在 where 强制 tenant_id = #{tenantId}|已整改|P0
equipment|EquipmentReturnDetailMapper.xml|deleteEquipmentReturnDetailByReturnId|高|增加 bind 当前租户并在 where 强制 tenant_id = #{tenantId}|已整改|P0
equipment|EquipmentReturnDetailMapper.xml|deleteEquipmentReturnDetailByReturnIds|高|增加 bind 当前租户并在 where 强制 tenant_id = #{tenantId}|已整改|P0
equipment|EquipmentReturnDetailMapper.xml|insertEquipmentReturnDetail|高|增加 bind 当前租户并在 where 强制 tenant_id = #{tenantId}|已整改|P0
equipment|EquipmentReturnDetailMapper.xml|selectEquipmentReturnDetailList|高|增加 bind 当前租户并在 where 强制 tenant_id = #{tenantId}|已整改|P0
equipment|EquipmentReturnMapper.xml|deleteEquipmentReturnById|高|增加 bind 当前租户并在 where 强制 tenant_id = #{tenantId}|已整改|P0
equipment|EquipmentReturnMapper.xml|deleteEquipmentReturnByIds|高|增加 bind 当前租户并在 where 强制 tenant_id = #{tenantId}|已整改|P0
equipment|EquipmentReturnMapper.xml|selectEquipmentReturnById|高|增加 bind 当前租户并在 where 强制 tenant_id = #{tenantId}|已整改|P0
equipment|EquipmentReturnMapper.xml|updateEquipmentReturn|高|增加 bind 当前租户并在 where 强制 tenant_id = #{tenantId}|已整改|P0
equipment|EquipmentStorageDetailMapper.xml|batchInsertEquipmentStorageDetail|高|增加 bind 当前租户并在 where 强制 tenant_id = #{tenantId}|已整改|P0
equipment|EquipmentStorageDetailMapper.xml|deleteEquipmentStorageDetailByStorageId|高|增加 bind 当前租户并在 where 强制 tenant_id = #{tenantId}|已整改|P0
equipment|EquipmentStorageDetailMapper.xml|deleteEquipmentStorageDetailByStorageIds|高|增加 bind 当前租户并在 where 强制 tenant_id = #{tenantId}|已整改|P0
equipment|EquipmentStorageDetailMapper.xml|insertEquipmentStorageDetail|高|增加 bind 当前租户并在 where 强制 tenant_id = #{tenantId}|已整改|P0
equipment|EquipmentStorageDetailMapper.xml|selectEquipmentStorageDetailList|高|增加 bind 当前租户并在 where 强制 tenant_id = #{tenantId}|已整改|P0
equipment|EquipmentStorageMapper.xml|deleteEquipmentStorageById|高|增加 bind 当前租户并在 where 强制 tenant_id = #{tenantId}|已整改|P0
equipment|EquipmentStorageMapper.xml|deleteEquipmentStorageByIds|高|增加 bind 当前租户并在 where 强制 tenant_id = #{tenantId}|已整改|P0
equipment|EquipmentStorageMapper.xml|selectEquipmentStorageById|高|增加 bind 当前租户并在 where 强制 tenant_id = #{tenantId}|已整改|P0
equipment|EquipmentStorageMapper.xml|updateEquipmentStorage|高|增加 bind 当前租户并在 where 强制 tenant_id = #{tenantId}|已整改|P0
equipment|SbAssetCategoryMapper.xml|selectById|高|增加 bind 当前租户并在 where 强制 tenant_id = #{tenantId}|已整改|P0
equipment|SbAssetCategoryMapper.xml|update|高|增加 bind 当前租户并在 where 强制 tenant_id = #{tenantId}|已整改|P0
equipment|SbAssetInventoryItemMapper.xml|deleteById|高|增加 bind 当前租户并在 where 强制 tenant_id = #{tenantId}|已整改|P0
equipment|SbAssetInventoryItemMapper.xml|deleteByInventoryId|高|增加 bind 当前租户并在 where 强制 tenant_id = #{tenantId}|已整改|P0
equipment|SbAssetInventoryItemMapper.xml|insertBatch|高|增加 bind 当前租户并在 where 强制 tenant_id = #{tenantId}|已整改|P0
equipment|SbAssetInventoryItemMapper.xml|selectById|高|增加 bind 当前租户并在 where 强制 tenant_id = #{tenantId}|已整改|P0
equipment|SbAssetInventoryItemMapper.xml|update|高|增加 bind 当前租户并在 where 强制 tenant_id = #{tenantId}|已整改|P0
equipment|SbAssetInventoryItemPrintMapper.xml|deleteById|高|增加 bind 当前租户并在 where 强制 tenant_id = #{tenantId}|已整改|P0
equipment|SbAssetInventoryItemPrintMapper.xml|selectById|高|增加 bind 当前租户并在 where 强制 tenant_id = #{tenantId}|已整改|P0
equipment|SbAssetInventoryMapper.xml|deleteById|高|增加 bind 当前租户并在 where 强制 tenant_id = #{tenantId}|已整改|P0
equipment|SbAssetInventoryMapper.xml|selectById|高|增加 bind 当前租户并在 where 强制 tenant_id = #{tenantId}|已整改|P0
equipment|SbAssetInventoryMapper.xml|update|高|增加 bind 当前租户并在 where 强制 tenant_id = #{tenantId}|已整改|P0
equipment|SbAssetPrintLogMapper.xml|deleteById|高|增加 bind 当前租户并在 where 强制 tenant_id = #{tenantId}|已整改|P0
equipment|SbAssetPrintLogMapper.xml|selectById|高|增加 bind 当前租户并在 where 强制 tenant_id = #{tenantId}|已整改|P0
equipment|SbAssetPrintTaskItemMapper.xml|deleteById|高|增加 bind 当前租户并在 where 强制 tenant_id = #{tenantId}|已整改|P0
equipment|SbAssetPrintTaskItemMapper.xml|deleteByTaskId|高|增加 bind 当前租户并在 where 强制 tenant_id = #{tenantId}|已整改|P0
equipment|SbAssetPrintTaskItemMapper.xml|insertBatch|高|增加 bind 当前租户并在 where 强制 tenant_id = #{tenantId}|已整改|P0
equipment|SbAssetPrintTaskItemMapper.xml|selectById|高|增加 bind 当前租户并在 where 强制 tenant_id = #{tenantId}|已整改|P0
equipment|SbAssetPrintTaskItemMapper.xml|update|高|增加 bind 当前租户并在 where 强制 tenant_id = #{tenantId}|已整改|P0
equipment|SbAssetPrintTaskMapper.xml|deleteById|高|增加 bind 当前租户并在 where 强制 tenant_id = #{tenantId}|已整改|P0
equipment|SbAssetPrintTaskMapper.xml|selectById|高|增加 bind 当前租户并在 where 强制 tenant_id = #{tenantId}|已整改|P0
equipment|SbAssetPrintTaskMapper.xml|update|高|增加 bind 当前租户并在 where 强制 tenant_id = #{tenantId}|已整改|P0
equipment|SbCustomerAssetLedgerMapper.xml|selectById|高|增加 bind 当前租户并在 where 强制 tenant_id = #{tenantId}|已整改|P0
equipment|SbCustomerAssetLedgerMapper.xml|update|高|增加 bind 当前租户并在 where 强制 tenant_id = #{tenantId}|已整改|P0
equipment|SbEquipmentBrandMapper.xml|selectById|高|增加 bind 当前租户并在 where 强制 tenant_id = #{tenantId}|已整改|P0
equipment|SbEquipmentBrandMapper.xml|update|高|增加 bind 当前租户并在 where 强制 tenant_id = #{tenantId}|已整改|P0
equipment|SbEquipmentManufacturerMapper.xml|selectById|高|增加 bind 当前租户并在 where 强制 tenant_id = #{tenantId}|已整改|P0
equipment|SbEquipmentManufacturerMapper.xml|update|高|增加 bind 当前租户并在 where 强制 tenant_id = #{tenantId}|已整改|P0
equipment|SbEquipmentSupplierMapper.xml|selectById|高|增加 bind 当前租户并在 where 强制 tenant_id = #{tenantId}|已整改|P0
equipment|SbEquipmentSupplierMapper.xml|update|高|增加 bind 当前租户并在 where 强制 tenant_id = #{tenantId}|已整改|P0
equipment|SbMeasuringCategoryMapper.xml|selectById|高|增加 bind 当前租户并在 where 强制 tenant_id = #{tenantId}|已整改|P0
equipment|SbMeasuringCategoryMapper.xml|update|高|增加 bind 当前租户并在 where 强制 tenant_id = #{tenantId}|已整改|P0
foundation|FdCategory68Mapper.xml|updateFdCategory68|高|增加 bind 当前租户并在 where 强制 tenant_id = #{tenantId}|已整改|P0
foundation|FdDepartmentMapper.xml|countChildrenByParentId|高|增加 bind 当前租户并在 where 强制 tenant_id = #{tenantId}|已整改|P0
foundation|FdDepartmentMapper.xml|selectFdDepartmentById|高|增加 bind 当前租户并在 where 强制 tenant_id = #{tenantId}|已整改|P0
foundation|FdDepartmentMapper.xml|updateFdDepartment|高|增加 bind 当前租户并在 where 强制 tenant_id = #{tenantId}|已整改|P0
foundation|FdEquipmentDictMapper.xml|deleteFdEquipmentDictById|高|增加 bind 当前租户并在 where 强制 tenant_id = #{tenantId}|已整改|P0
foundation|FdEquipmentDictMapper.xml|deleteFdEquipmentDictByIds|高|增加 bind 当前租户并在 where 强制 tenant_id = #{tenantId}|已整改|P0
foundation|FdEquipmentDictMapper.xml|selectFdEquipmentDictById|高|增加 bind 当前租户并在 where 强制 tenant_id = #{tenantId}|已整改|P0
foundation|FdEquipmentDictMapper.xml|updateFdEquipmentDict|高|增加 bind 当前租户并在 where 强制 tenant_id = #{tenantId}|已整改|P0
foundation|FdFactoryMapper.xml|deleteFdFactoryByFactoryId|高|增加 bind 当前租户并在 where 强制 tenant_id = #{tenantId}|已整改|P0
foundation|FdFactoryMapper.xml|deleteFdFactoryByFactoryIds|高|增加 bind 当前租户并在 where 强制 tenant_id = #{tenantId}|已整改|P0
foundation|FdFactoryMapper.xml|updateFdFactory|高|增加 bind 当前租户并在 where 强制 tenant_id = #{tenantId}|已整改|P0
foundation|FdFinanceCategoryMapper.xml|deleteFdFinanceCategoryByFinanceCategoryId|高|增加 bind 当前租户并在 where 强制 tenant_id = #{tenantId}|已整改|P0
foundation|FdFinanceCategoryMapper.xml|deleteFdFinanceCategoryByFinanceCategoryIds|高|增加 bind 当前租户并在 where 强制 tenant_id = #{tenantId}|已整改|P0
foundation|FdFinanceCategoryMapper.xml|updateFdFinanceCategory|高|增加 bind 当前租户并在 where 强制 tenant_id = #{tenantId}|已整改|P0
foundation|FdLocationMapper.xml|deleteFdLocationByLocationId|高|增加 bind 当前租户并在 where 强制 tenant_id = #{tenantId}|已整改|P0
foundation|FdLocationMapper.xml|updateFdLocation|高|增加 bind 当前租户并在 where 强制 tenant_id = #{tenantId}|已整改|P0
foundation|FdMaterialCategoryMapper.xml|deleteFdMaterialCategoryByMaterialCategoryId|高|增加 bind 当前租户并在 where 强制 tenant_id = #{tenantId}|已整改|P0
foundation|FdMaterialCategoryMapper.xml|deleteFdMaterialCategoryByMaterialCategoryIds|高|增加 bind 当前租户并在 where 强制 tenant_id = #{tenantId}|已整改|P0
foundation|FdMaterialCategoryMapper.xml|updateFdMaterialCategory|高|增加 bind 当前租户并在 where 强制 tenant_id = #{tenantId}|已整改|P0
foundation|FdMaterialMapper.xml|deleteFdMaterialById|高|增加 bind 当前租户并在 where 强制 tenant_id = #{tenantId}|已整改|P0
foundation|FdMaterialMapper.xml|deleteFdMaterialByIds|高|增加 bind 当前租户并在 where 强制 tenant_id = #{tenantId}|已整改|P0
foundation|FdMaterialMapper.xml|selectFdMaterialById|高|增加 bind 当前租户并在 where 强制 tenant_id = #{tenantId}|已整改|P0
foundation|FdMaterialMapper.xml|updateFdMaterial|高|增加 bind 当前租户并在 where 强制 tenant_id = #{tenantId}|已整改|P0
foundation|FdSupplierMapper.xml|deleteFdSupplierById|高|增加 bind 当前租户并在 where 强制 tenant_id = #{tenantId}|已整改|P0
foundation|FdSupplierMapper.xml|deleteFdSupplierByIds|高|增加 bind 当前租户并在 where 强制 tenant_id = #{tenantId}|已整改|P0
foundation|FdSupplierMapper.xml|selectFdSupplierById|高|增加 bind 当前租户并在 where 强制 tenant_id = #{tenantId}|已整改|P0
foundation|FdSupplierMapper.xml|updateFdSupplier|高|增加 bind 当前租户并在 where 强制 tenant_id = #{tenantId}|已整改|P0
foundation|FdUnitMapper.xml|updateFdUnit|高|增加 bind 当前租户并在 where 强制 tenant_id = #{tenantId}|已整改|P0
foundation|FdWarehouseCategoryMapper.xml|updateFdWarehouseCategory|高|增加 bind 当前租户并在 where 强制 tenant_id = #{tenantId}|已整改|P0
foundation|FdWarehouseMapper.xml|deleteFdWarehouseById|高|增加 bind 当前租户并在 where 强制 tenant_id = #{tenantId}|已整改|P0
foundation|FdWarehouseMapper.xml|deleteFdWarehouseByIds|高|增加 bind 当前租户并在 where 强制 tenant_id = #{tenantId}|已整改|P0
foundation|FdWarehouseMapper.xml|selectFdWarehouseById|高|增加 bind 当前租户并在 where 强制 tenant_id = #{tenantId}|已整改|P0
foundation|FdWarehouseMapper.xml|updateFdWarehouse|高|增加 bind 当前租户并在 where 强制 tenant_id = #{tenantId}|已整改|P0
foundation|SbCustomerCategory68Mapper.xml|selectById|高|增加 bind 当前租户并在 where 强制 tenant_id = #{tenantId}|已整改|P0
foundation|SbCustomerCategory68Mapper.xml|update|高|增加 bind 当前租户并在 where 强制 tenant_id = #{tenantId}|已整改|P0
foundation|SbCustomerCategory68Mapper.xml|updatePinyinById|高|增加 bind 当前租户并在 where 强制 tenant_id = #{tenantId}|已整改|P0
gz|GzPatientInfoMapper.xml|deleteGzPatientInfoById|高|增加 bind 当前租户并在 where 强制 tenant_id = #{tenantId}|已整改|P0
gz|GzPatientInfoMapper.xml|deleteGzPatientInfoByIds|高|增加 bind 当前租户并在 where 强制 tenant_id = #{tenantId}|已整改|P0
gz|GzPatientInfoMapper.xml|selectGzPatientInfoById|高|增加 bind 当前租户并在 where 强制 tenant_id = #{tenantId}|已整改|P0
gz|GzPatientInfoMapper.xml|updateGzPatientInfo|高|增加 bind 当前租户并在 where 强制 tenant_id = #{tenantId}|已整改|P0
gz|GzTraceabilityMapper.xml|deleteGzTraceabilityEntryByParentId|高|增加 bind 当前租户并在 where 强制 tenant_id = #{tenantId}|已整改|P0
gzDepartment|GzDepApplyMapper.xml|batchGzDepApplyEntry|高|增加 bind 当前租户并在 where 强制 tenant_id = #{tenantId}|已整改|P0
gzDepartment|GzDepApplyMapper.xml|deleteGzDepApplyById|高|增加 bind 当前租户并在 where 强制 tenant_id = #{tenantId}|已整改|P0
gzDepartment|GzDepApplyMapper.xml|deleteGzDepApplyByIds|高|增加 bind 当前租户并在 where 强制 tenant_id = #{tenantId}|已整改|P0
gzDepartment|GzDepApplyMapper.xml|deleteGzDepApplyEntryByParenId|高|增加 bind 当前租户并在 where 强制 tenant_id = #{tenantId}|已整改|P0
gzDepartment|GzDepApplyMapper.xml|deleteGzDepApplyEntryByParenIds|高|增加 bind 当前租户并在 where 强制 tenant_id = #{tenantId}|已整改|P0
gzDepartment|GzDepApplyMapper.xml|selectGzDepApplyById|高|增加 bind 当前租户并在 where 强制 tenant_id = #{tenantId}|已整改|P0
gzDepartment|GzDepApplyMapper.xml|updateGzDepApply|高|增加 bind 当前租户并在 where 强制 tenant_id = #{tenantId}|已整改|P0
warehouse|HcCkFlowMapper.xml|updateKcNoByEntryId|高|增加 bind 当前租户并在 where 强制 tenant_id = #{tenantId}|已整改|P0
warehouse|StkIoBillMapper.xml|selectStkIobillEntryMaterialIsExist|高|增加 bind 当前租户并在 where 强制 tenant_id = #{tenantId}|已整改|P0
warehouse|StkIoProfitLossMapper.xml|updateStkIoProfitLoss|高|增加 bind 当前租户并在 where 强制 tenant_id = #{tenantId}|已整改|P0
caigou|PurchasePlanEntryApplyMapper.xml|selectBillNoListByPlanId|中|增加 bind 当前租户并在 where 强制 tenant_id = #{tenantId}|已整改|P1
caigou|PurchasePlanEntryDepApplyMapper.xml|selectApplyBillHeaderListByPlanId|中|增加 bind 当前租户并在 where 强制 tenant_id = #{tenantId}|已整改|P1
caigou|PurchasePlanEntryDepApplyMapper.xml|selectBillNoListByPlanId|中|增加 bind 当前租户并在 where 强制 tenant_id = #{tenantId}|已整改|P1
department|BasApplyMapper.xml|selectMaxBillNo|中|增加 bind 当前租户并在 where 强制 tenant_id = #{tenantId}|已整改|P1
department|DepInventoryWarningMapper.xml|insertDepInventoryWarning|中|增加 bind 当前租户并在 where 强制 tenant_id = #{tenantId}|已整改|P1
department|DeptBatchConsumeMapper.xml|selectMaxBillNo|中|增加 bind 当前租户并在 where 强制 tenant_id = #{tenantId}|已整改|P1
department|DeptStocktakingMapper.xml|insertDeptStocktaking|中|增加 bind 当前租户并在 where 强制 tenant_id = #{tenantId}|已整改|P1
department|DeptStocktakingMapper.xml|selectDeptStocktakingList|中|增加 bind 当前租户并在 where 强制 tenant_id = #{tenantId}|已整改|P1
department|DeptStocktakingMapper.xml|selectMaxBillNo|中|增加 bind 当前租户并在 where 强制 tenant_id = #{tenantId}|已整改|P1
department|HcKsFlowMapper.xml|insertHcKsFlow|中|增加 bind 当前租户并在 where 强制 tenant_id = #{tenantId}|已整改|P1
department|StkDepInventoryMapper.xml|insertStkDepInventory|中|增加 bind 当前租户并在 where 强制 tenant_id = #{tenantId}|已整改|P1
department|StkDepInventoryMapper.xml|selectStkDepInventoryOne|中|增加 bind 当前租户并在 where 强制 tenant_id = #{tenantId}|已整改|P1
equipment|EquipmentReturnMapper.xml|auditEquipmentReturn|高|增加 bind 当前租户并在 where 强制 tenant_id = #{tenantId}|已整改|P1
equipment|EquipmentStorageMapper.xml|auditEquipmentStorage|高|增加 bind 当前租户并在 where 强制 tenant_id = #{tenantId}|已整改|P1
equipment|SbAssetInventoryItemMapper.xml|selectByInventoryId|中|增加 bind 当前租户并在 where 强制 tenant_id = #{tenantId}|已整改|P1
equipment|SbAssetInventoryItemPrintMapper.xml|selectByInventoryItemId|中|增加 bind 当前租户并在 where 强制 tenant_id = #{tenantId}|已整改|P1
gz|GzDepotInventoryMapper.xml|insertGzDepotInventory|中|增加 bind 当前租户并在 where 强制 tenant_id = #{tenantId}|已整改|P1
gzDepartment|GzDepApplyMapper.xml|selectMaxBillNo|中|增加 bind 当前租户并在 where 强制 tenant_id = #{tenantId}|已整改|P1
gzDepartment|GzDepInventoryMapper.xml|insertGzDepInventory|中|增加 bind 当前租户并在 where 强制 tenant_id = #{tenantId}|已整改|P1
gzDepartment|GzDepInventoryMapper.xml|selectGzDepInventoryByCodeAndDept|中|增加 bind 当前租户并在 where 强制 tenant_id = #{tenantId}|已整改|P1
gzDepartment|GzDepInventoryMapper.xml|selectGzDepInventoryList|中|增加 bind 当前租户并在 where 强制 tenant_id = #{tenantId}|已整改|P1
warehouse|HcCkFlowMapper.xml|insertHcCkFlow|中|增加 bind 当前租户并在 where 强制 tenant_id = #{tenantId}|已整改|P1
warehouse|StkInventoryMapper.xml|insertStkInventory|中|增加 bind 当前租户并在 where 强制 tenant_id = #{tenantId}|已整改|P1
warehouse|StkInventoryMapper.xml|selectInventoryAlertList|中|增加 bind 当前租户并在 where 强制 tenant_id = #{tenantId}|已整改|P1
warehouse|StkIoBillMapper.xml|insertStkIoBill|中|增加 bind 当前租户并在 where 强制 tenant_id = #{tenantId}|已整改|P1
warehouse|StkIoBillMapper.xml|selectHistoryInventory|中|增加 bind 当前租户并在 where 强制 tenant_id = #{tenantId}|已整改|P1
warehouse|StkIoBillMapper.xml|selectJSMaxBillNo|中|增加 bind 当前租户并在 where 强制 tenant_id = #{tenantId}|已整改|P1
warehouse|StkIoBillMapper.xml|selectMaxBillNo|中|增加 bind 当前租户并在 where 强制 tenant_id = #{tenantId}|已整改|P1
warehouse|StkIoBillMapper.xml|selectOutMaxBillNo|中|增加 bind 当前租户并在 where 强制 tenant_id = #{tenantId}|已整改|P1
warehouse|StkIoBillMapper.xml|selectTHMaxBillNo|中|增加 bind 当前租户并在 where 强制 tenant_id = #{tenantId}|已整改|P1
warehouse|StkIoBillMapper.xml|selectTKMaxBillNo|中|增加 bind 当前租户并在 where 强制 tenant_id = #{tenantId}|已整改|P1
warehouse|StkIoProfitLossMapper.xml|insertStkIoProfitLoss|中|增加 bind 当前租户并在 where 强制 tenant_id = #{tenantId}|已整改|P1
warehouse|StkIoProfitLossMapper.xml|selectStocktakingEntriesWithProfitLoss|中|增加 bind 当前租户并在 where 强制 tenant_id = #{tenantId}|已整改|P1
warehouse|StkIoStocktakingMapper.xml|insertStkIoStocktaking|中|增加 bind 当前租户并在 where 强制 tenant_id = #{tenantId}|已整改|P1
warehouse|StkProfitLossPendingMapper.xml|insertStkProfitLossPending|中|增加 bind 当前租户并在 where 强制 tenant_id = #{tenantId}|已整改|P1
biz|EquipmentPurchaseApplicationMapper.xml|insertEquipmentPurchaseApplication|中|增加 bind 当前租户并在 where 强制 tenant_id = #{tenantId}|已整改|P2
biz|EquipmentPurchaseApplicationMapper.xml|selectEquipmentPurchaseApplicationList|中|增加 bind 当前租户并在 where 强制 tenant_id = #{tenantId}|已整改|P2
caigou|PurchaseOrderMapper.xml|insertPurchaseOrder|中|增加 bind 当前租户并在 where 强制 tenant_id = #{tenantId}|已整改|P2
caigou|PurchaseOrderMapper.xml|selectPurchaseOrderList|中|增加 bind 当前租户并在 where 强制 tenant_id = #{tenantId}|已整改|P2
caigou|PurchasePlanMapper.xml|insertPurchasePlan|中|增加 bind 当前租户并在 where 强制 tenant_id = #{tenantId}|已整改|P2
caigou|PurchasePlanMapper.xml|selectPurchasePlanList|中|增加 bind 当前租户并在 where 强制 tenant_id = #{tenantId}|已整改|P2
department|BasApplyMapper.xml|insertBasApply|中|增加 bind 当前租户并在 where 强制 tenant_id = #{tenantId}|已整改|P2
department|BasApplyMapper.xml|selectBasApplyList|中|增加 bind 当前租户并在 where 强制 tenant_id = #{tenantId}|已整改|P2
department|BasApplyTemplateMapper.xml|insertBasApplyTemplate|中|增加 bind 当前租户并在 where 强制 tenant_id = #{tenantId}|已整改|P2
department|DepPurchaseApplyMapper.xml|insertDepPurchaseApply|中|增加 bind 当前租户并在 where 强制 tenant_id = #{tenantId}|已整改|P2
department|DepPurchaseApplyMapper.xml|selectDepPurchaseApplyList|中|增加 bind 当前租户并在 where 强制 tenant_id = #{tenantId}|已整改|P2
department|DeptBatchConsumeMapper.xml|selectAuditedConsumeSummaryList|中|增加 bind 当前租户并在 where 强制 tenant_id = #{tenantId}|已整改|P2
department|NewProductApplyMapper.xml|insertNewProductApply|中|增加 bind 当前租户并在 where 强制 tenant_id = #{tenantId}|已整改|P2
department|NewProductApplyMapper.xml|selectNewProductApplyList|中|增加 bind 当前租户并在 where 强制 tenant_id = #{tenantId}|已整改|P2
equipment|EquipmentCategoryMapper.xml|insertEquipmentCategory|中|增加 bind 当前租户并在 where 强制 tenant_id = #{tenantId}|已整改|P2
equipment|EquipmentCategoryMapper.xml|selectEquipmentCategoryByCategoryId|中|增加 bind 当前租户并在 where 强制 tenant_id = #{tenantId}|已整改|P2
equipment|EquipmentCategoryMapper.xml|selectEquipmentCategoryList|中|增加 bind 当前租户并在 where 强制 tenant_id = #{tenantId}|已整改|P2
equipment|EquipmentCategoryMapper.xml|selectEquipmentCategoryTree|中|增加 bind 当前租户并在 where 强制 tenant_id = #{tenantId}|已整改|P2
equipment|EquipmentFileMapper.xml|insertEquipmentFile|中|增加 bind 当前租户并在 where 强制 tenant_id = #{tenantId}|已整改|P2
equipment|EquipmentFileMapper.xml|selectEquipmentFileByFileId|中|增加 bind 当前租户并在 where 强制 tenant_id = #{tenantId}|已整改|P2
equipment|EquipmentFileMapper.xml|selectEquipmentFileList|中|增加 bind 当前租户并在 where 强制 tenant_id = #{tenantId}|已整改|P2
equipment|EquipmentInfoMapper.xml|insertEquipmentInfo|中|增加 bind 当前租户并在 where 强制 tenant_id = #{tenantId}|已整改|P2
equipment|EquipmentInfoMapper.xml|selectEquipmentInfoByAssetCode|中|增加 bind 当前租户并在 where 强制 tenant_id = #{tenantId}|已整改|P2
equipment|EquipmentInfoMapper.xml|selectEquipmentInfoList|中|增加 bind 当前租户并在 where 强制 tenant_id = #{tenantId}|已整改|P2
equipment|EquipmentInfoMapper.xml|selectEquipmentInfoStatistics|中|增加 bind 当前租户并在 where 强制 tenant_id = #{tenantId}|已整改|P2
equipment|EquipmentReturnMapper.xml|insertEquipmentReturn|中|增加 bind 当前租户并在 where 强制 tenant_id = #{tenantId}|已整改|P2
equipment|EquipmentReturnMapper.xml|selectEquipmentReturnList|中|增加 bind 当前租户并在 where 强制 tenant_id = #{tenantId}|已整改|P2
equipment|EquipmentStorageMapper.xml|insertEquipmentStorage|中|增加 bind 当前租户并在 where 强制 tenant_id = #{tenantId}|已整改|P2
equipment|EquipmentStorageMapper.xml|selectEquipmentStorageList|中|增加 bind 当前租户并在 where 强制 tenant_id = #{tenantId}|已整改|P2
equipment|SbAssetCategoryMapper.xml|insert|中|增加 bind 当前租户并在 where 强制 tenant_id = #{tenantId}|已整改|P2
equipment|SbAssetCategoryMapper.xml|selectList|中|增加 bind 当前租户并在 where 强制 tenant_id = #{tenantId}|已整改|P2
equipment|SbAssetInventoryItemMapper.xml|insert|中|增加 bind 当前租户并在 where 强制 tenant_id = #{tenantId}|已整改|P2
equipment|SbAssetInventoryItemMapper.xml|selectList|中|增加 bind 当前租户并在 where 强制 tenant_id = #{tenantId}|已整改|P2
equipment|SbAssetInventoryItemPrintMapper.xml|insert|中|增加 bind 当前租户并在 where 强制 tenant_id = #{tenantId}|已整改|P2
equipment|SbAssetInventoryItemPrintMapper.xml|selectList|中|增加 bind 当前租户并在 where 强制 tenant_id = #{tenantId}|已整改|P2
equipment|SbAssetInventoryMapper.xml|insert|中|增加 bind 当前租户并在 where 强制 tenant_id = #{tenantId}|已整改|P2
equipment|SbAssetInventoryMapper.xml|selectByOrderNo|中|增加 bind 当前租户并在 where 强制 tenant_id = #{tenantId}|已整改|P2
equipment|SbAssetInventoryMapper.xml|selectList|中|增加 bind 当前租户并在 where 强制 tenant_id = #{tenantId}|已整改|P2
equipment|SbAssetInventoryMapper.xml|selectMaxOrderNoSeqToday|中|增加 bind 当前租户并在 where 强制 tenant_id = #{tenantId}|已整改|P2
equipment|SbAssetPrintLogMapper.xml|insert|中|增加 bind 当前租户并在 where 强制 tenant_id = #{tenantId}|已整改|P2
equipment|SbAssetPrintLogMapper.xml|selectList|中|增加 bind 当前租户并在 where 强制 tenant_id = #{tenantId}|已整改|P2
equipment|SbAssetPrintTaskItemMapper.xml|insert|中|增加 bind 当前租户并在 where 强制 tenant_id = #{tenantId}|已整改|P2
equipment|SbAssetPrintTaskItemMapper.xml|selectByTaskId|中|增加 bind 当前租户并在 where 强制 tenant_id = #{tenantId}|已整改|P2
equipment|SbAssetPrintTaskItemMapper.xml|selectList|中|增加 bind 当前租户并在 where 强制 tenant_id = #{tenantId}|已整改|P2
equipment|SbAssetPrintTaskMapper.xml|insert|中|增加 bind 当前租户并在 where 强制 tenant_id = #{tenantId}|已整改|P2
equipment|SbAssetPrintTaskMapper.xml|selectByTaskNo|中|增加 bind 当前租户并在 where 强制 tenant_id = #{tenantId}|已整改|P2
equipment|SbAssetPrintTaskMapper.xml|selectList|中|增加 bind 当前租户并在 where 强制 tenant_id = #{tenantId}|已整改|P2
equipment|SbAssetPrintTaskMapper.xml|selectMaxTaskNoSeqToday|中|增加 bind 当前租户并在 where 强制 tenant_id = #{tenantId}|已整改|P2
equipment|SbCustomerAssetLedgerMapper.xml|insert|中|增加 bind 当前租户并在 where 强制 tenant_id = #{tenantId}|已整改|P2
equipment|SbCustomerAssetLedgerMapper.xml|selectByCustomerIdAndEquipmentSerialNo|中|增加 bind 当前租户并在 where 强制 tenant_id = #{tenantId}|已整改|P2
equipment|SbCustomerAssetLedgerMapper.xml|selectDistinctStoragePlace|中|增加 bind 当前租户并在 where 强制 tenant_id = #{tenantId}|已整改|P2
equipment|SbCustomerAssetLedgerMapper.xml|selectList|中|增加 bind 当前租户并在 where 强制 tenant_id = #{tenantId}|已整改|P2
equipment|SbCustomerAssetLedgerMapper.xml|selectListByCategory68Ids|中|增加 bind 当前租户并在 where 强制 tenant_id = #{tenantId}|已整改|P2
equipment|SbCustomerAssetLedgerMapper.xml|selectListByDeptId|中|增加 bind 当前租户并在 where 强制 tenant_id = #{tenantId}|已整改|P2
equipment|SbCustomerAssetLedgerMapper.xml|selectListByStoragePlace|中|增加 bind 当前租户并在 where 强制 tenant_id = #{tenantId}|已整改|P2
equipment|SbCustomerAssetLedgerMapper.xml|selectMaxArchiveNoSeq|中|增加 bind 当前租户并在 where 强制 tenant_id = #{tenantId}|已整改|P2
equipment|SbCustomerAssetLedgerMapper.xml|selectMaxSerialNoNumeric|中|增加 bind 当前租户并在 where 强制 tenant_id = #{tenantId}|已整改|P2
equipment|SbEquipmentBrandMapper.xml|insert|中|增加 bind 当前租户并在 where 强制 tenant_id = #{tenantId}|已整改|P2
equipment|SbEquipmentBrandMapper.xml|selectList|中|增加 bind 当前租户并在 where 强制 tenant_id = #{tenantId}|已整改|P2
equipment|SbEquipmentManufacturerMapper.xml|insert|中|增加 bind 当前租户并在 where 强制 tenant_id = #{tenantId}|已整改|P2
equipment|SbEquipmentManufacturerMapper.xml|selectList|中|增加 bind 当前租户并在 where 强制 tenant_id = #{tenantId}|已整改|P2
equipment|SbEquipmentSupplierMapper.xml|insert|中|增加 bind 当前租户并在 where 强制 tenant_id = #{tenantId}|已整改|P2
equipment|SbEquipmentSupplierMapper.xml|selectList|中|增加 bind 当前租户并在 where 强制 tenant_id = #{tenantId}|已整改|P2
equipment|SbMeasuringCategoryMapper.xml|insert|中|增加 bind 当前租户并在 where 强制 tenant_id = #{tenantId}|已整改|P2
equipment|SbMeasuringCategoryMapper.xml|selectList|中|增加 bind 当前租户并在 where 强制 tenant_id = #{tenantId}|已整改|P2
finance|FinInvoiceMapper.xml|selectList|中|增加 bind 当前租户并在 where 强制 tenant_id = #{tenantId}|已整改|P2
finance|SuppSettlementBillMapper.xml|selectList|中|增加 bind 当前租户并在 where 强制 tenant_id = #{tenantId}|已整改|P2
finance|WhSettlementBillMapper.xml|selectList|中|增加 bind 当前租户并在 where 强制 tenant_id = #{tenantId}|已整改|P2
foundation|FdCategory68Mapper.xml|insertFdCategory68|中|增加 bind 当前租户并在 where 强制 tenant_id = #{tenantId}|已整改|P2
foundation|FdCategory68Mapper.xml|selectFdCategory68ByCategory68Id|中|增加 bind 当前租户并在 where 强制 tenant_id = #{tenantId}|已整改|P2
foundation|FdCategory68Mapper.xml|selectFdCategory68List|中|增加 bind 当前租户并在 where 强制 tenant_id = #{tenantId}|已整改|P2
foundation|FdCategory68Mapper.xml|selectFdCategory68Tree|中|增加 bind 当前租户并在 where 强制 tenant_id = #{tenantId}|已整改|P2
foundation|FdDepartmentChangeLogMapper.xml|insert|中|增加 bind 当前租户并在 where 强制 tenant_id = #{tenantId}|已整改|P2
foundation|FdDepartmentChangeLogMapper.xml|selectByDepartmentId|中|增加 bind 当前租户并在 where 强制 tenant_id = #{tenantId}|已整改|P2
foundation|FdDepartmentMapper.xml|insertFdDepartment|中|增加 bind 当前租户并在 where 强制 tenant_id = #{tenantId}|已整改|P2
foundation|FdDepartmentMapper.xml|selectDepartmenListByUserId|中|增加 bind 当前租户并在 where 强制 tenant_id = #{tenantId}|已整改|P2
foundation|FdDepartmentMapper.xml|selectFdDepartmentByCodeAndTenantId|中|增加 bind 当前租户并在 where 强制 tenant_id = #{tenantId}|已整改|P2
foundation|FdDepartmentMapper.xml|selectUserDepartmenAll|中|增加 bind 当前租户并在 where 强制 tenant_id = #{tenantId}|已整改|P2
foundation|FdDepartmentMapper.xml|selectdepartmenAll|中|增加 bind 当前租户并在 where 强制 tenant_id = #{tenantId}|已整改|P2
foundation|FdEquipmentDictMapper.xml|insertFdEquipmentDict|中|增加 bind 当前租户并在 where 强制 tenant_id = #{tenantId}|已整改|P2
foundation|FdEquipmentDictMapper.xml|selectFdEquipmentDictByCode|中|增加 bind 当前租户并在 where 强制 tenant_id = #{tenantId}|已整改|P2
foundation|FdEquipmentDictMapper.xml|selectFdEquipmentDictList|中|增加 bind 当前租户并在 where 强制 tenant_id = #{tenantId}|已整改|P2
foundation|FdFactoryChangeLogMapper.xml|insert|中|增加 bind 当前租户并在 where 强制 tenant_id = #{tenantId}|已整改|P2
foundation|FdFactoryChangeLogMapper.xml|selectByFactoryId|中|增加 bind 当前租户并在 where 强制 tenant_id = #{tenantId}|已整改|P2
foundation|FdFactoryMapper.xml|countFactoryByTenantAndHisId|中|增加 bind 当前租户并在 where 强制 tenant_id = #{tenantId}|已整改|P2
foundation|FdFactoryMapper.xml|insertFdFactory|中|增加 bind 当前租户并在 where 强制 tenant_id = #{tenantId}|已整改|P2
foundation|FdFactoryMapper.xml|selectFdFactoryByCodeAndTenantId|中|增加 bind 当前租户并在 where 强制 tenant_id = #{tenantId}|已整改|P2
foundation|FdFactoryMapper.xml|selectFdFactoryByFactoryId|中|增加 bind 当前租户并在 where 强制 tenant_id = #{tenantId}|已整改|P2
foundation|FdFactoryMapper.xml|selectFdFactoryIsExist|中|增加 bind 当前租户并在 where 强制 tenant_id = #{tenantId}|已整改|P2
foundation|FdFinanceCategoryMapper.xml|insertFdFinanceCategory|中|增加 bind 当前租户并在 where 强制 tenant_id = #{tenantId}|已整改|P2
foundation|FdFinanceCategoryMapper.xml|selectFdFinanceCategoryByFinanceCategoryId|中|增加 bind 当前租户并在 where 强制 tenant_id = #{tenantId}|已整改|P2
foundation|FdLocationMapper.xml|insertFdLocation|中|增加 bind 当前租户并在 where 强制 tenant_id = #{tenantId}|已整改|P2
foundation|FdLocationMapper.xml|selectFdLocationByLocationId|中|增加 bind 当前租户并在 where 强制 tenant_id = #{tenantId}|已整改|P2
foundation|FdLocationMapper.xml|selectFdLocationList|中|增加 bind 当前租户并在 where 强制 tenant_id = #{tenantId}|已整改|P2
foundation|FdLocationMapper.xml|selectFdLocationTree|中|增加 bind 当前租户并在 where 强制 tenant_id = #{tenantId}|已整改|P2
foundation|FdMaterialCategoryMapper.xml|insertFdMaterialCategory|中|增加 bind 当前租户并在 where 强制 tenant_id = #{tenantId}|已整改|P2
foundation|FdMaterialCategoryMapper.xml|selectFdMaterialCategoryByMaterialCategoryId|中|增加 bind 当前租户并在 where 强制 tenant_id = #{tenantId}|已整改|P2
foundation|FdMaterialChangeLogMapper.xml|insert|中|增加 bind 当前租户并在 where 强制 tenant_id = #{tenantId}|已整改|P2
foundation|FdMaterialChangeLogMapper.xml|selectByMaterialId|中|增加 bind 当前租户并在 where 强制 tenant_id = #{tenantId}|已整改|P2
foundation|FdMaterialImportMapper.xml|insertFdMaterialImport|中|增加 bind 当前租户并在 where 强制 tenant_id = #{tenantId}|已整改|P2
foundation|FdMaterialMapper.xml|insertFdMaterial|中|增加 bind 当前租户并在 where 强制 tenant_id = #{tenantId}|已整改|P2
foundation|FdMaterialMapper.xml|selectFdMaterialByCode|中|增加 bind 当前租户并在 where 强制 tenant_id = #{tenantId}|已整改|P2
foundation|FdMaterialMapper.xml|selectFdMaterialByHisId|中|增加 bind 当前租户并在 where 强制 tenant_id = #{tenantId}|已整改|P2
foundation|FdMaterialMapper.xml|selectFdMaterialByMainBarcode|中|增加 bind 当前租户并在 where 强制 tenant_id = #{tenantId}|已整改|P2
foundation|FdMaterialStatusLogMapper.xml|insert|中|增加 bind 当前租户并在 where 强制 tenant_id = #{tenantId}|已整改|P2
foundation|FdMaterialStatusLogMapper.xml|selectByMaterialId|中|增加 bind 当前租户并在 where 强制 tenant_id = #{tenantId}|已整改|P2
foundation|FdSupplierChangeLogMapper.xml|insert|中|增加 bind 当前租户并在 where 强制 tenant_id = #{tenantId}|已整改|P2
foundation|FdSupplierChangeLogMapper.xml|selectBySupplierId|中|增加 bind 当前租户并在 where 强制 tenant_id = #{tenantId}|已整改|P2
foundation|FdSupplierMapper.xml|countSupplierByTenantAndHisId|中|增加 bind 当前租户并在 where 强制 tenant_id = #{tenantId}|已整改|P2
foundation|FdSupplierMapper.xml|insertFdSupplier|中|增加 bind 当前租户并在 where 强制 tenant_id = #{tenantId}|已整改|P2
foundation|FdSupplierMapper.xml|selectFdSupplierByCodeAndTenantId|中|增加 bind 当前租户并在 where 强制 tenant_id = #{tenantId}|已整改|P2
foundation|FdSupplierMapper.xml|selectSupplierIsExist|中|增加 bind 当前租户并在 where 强制 tenant_id = #{tenantId}|已整改|P2
foundation|FdUnitMapper.xml|insertFdUnit|中|增加 bind 当前租户并在 where 强制 tenant_id = #{tenantId}|已整改|P2
foundation|FdUnitMapper.xml|selectFdUnitByUnitId|中|增加 bind 当前租户并在 where 强制 tenant_id = #{tenantId}|已整改|P2
foundation|FdUnitMapper.xml|selectMaxUnitCode|中|增加 bind 当前租户并在 where 强制 tenant_id = #{tenantId}|已整改|P2
foundation|FdWarehouseCategoryMapper.xml|insertFdWarehouseCategory|中|增加 bind 当前租户并在 where 强制 tenant_id = #{tenantId}|已整改|P2
foundation|FdWarehouseCategoryMapper.xml|selectFdWarehouseCategoryByWarehouseCategoryId|中|增加 bind 当前租户并在 where 强制 tenant_id = #{tenantId}|已整改|P2
foundation|FdWarehouseMapper.xml|insertFdWarehouse|中|增加 bind 当前租户并在 where 强制 tenant_id = #{tenantId}|已整改|P2
foundation|FdWarehouseMapper.xml|selectWarehouseIsExist|中|增加 bind 当前租户并在 where 强制 tenant_id = #{tenantId}|已整改|P2
foundation|FdWarehouseMapper.xml|selectWarehouseListByUserId|中|增加 bind 当前租户并在 where 强制 tenant_id = #{tenantId}|已整改|P2
foundation|FdWarehouseMapper.xml|selectwarehouseAll|中|增加 bind 当前租户并在 where 强制 tenant_id = #{tenantId}|已整改|P2
foundation|SbCustomerCategory68LogMapper.xml|insert|中|增加 bind 当前租户并在 where 强制 tenant_id = #{tenantId}|已整改|P2
foundation|SbCustomerCategory68LogMapper.xml|selectByCustomerId|中|增加 bind 当前租户并在 where 强制 tenant_id = #{tenantId}|已整改|P2
foundation|SbCustomerCategory68LogMapper.xml|selectByTargetId|中|增加 bind 当前租户并在 where 强制 tenant_id = #{tenantId}|已整改|P2
foundation|SbCustomerCategory68Mapper.xml|insert|中|增加 bind 当前租户并在 where 强制 tenant_id = #{tenantId}|已整改|P2
foundation|SbCustomerCategory68Mapper.xml|selectByCustomerIdAndRefId|中|增加 bind 当前租户并在 where 强制 tenant_id = #{tenantId}|已整改|P2
foundation|SbCustomerCategory68Mapper.xml|selectList|中|增加 bind 当前租户并在 where 强制 tenant_id = #{tenantId}|已整改|P2
foundation|SbCustomerCategory68Mapper.xml|selectRefCategory68IdsByCustomerId|中|增加 bind 当前租户并在 where 强制 tenant_id = #{tenantId}|已整改|P2
foundation|SbCustomerCategory68Mapper.xml|selectTreeByCustomerId|中|增加 bind 当前租户并在 where 强制 tenant_id = #{tenantId}|已整改|P2
gz|GzOrderMapper.xml|insertGzOrder|中|增加 bind 当前租户并在 where 强制 tenant_id = #{tenantId}|已整改|P2
gz|GzOrderMapper.xml|selectOutboundOrderNosByInHospitalCode|中|增加 bind 当前租户并在 where 强制 tenant_id = #{tenantId}|已整改|P2
gz|GzPatientInfoMapper.xml|insertGzPatientInfo|中|增加 bind 当前租户并在 where 强制 tenant_id = #{tenantId}|已整改|P2
gz|GzPatientInfoMapper.xml|selectGzPatientInfoByMedicalRecordNo|中|增加 bind 当前租户并在 where 强制 tenant_id = #{tenantId}|已整改|P2
gz|GzPatientInfoMapper.xml|selectGzPatientInfoList|中|增加 bind 当前租户并在 where 强制 tenant_id = #{tenantId}|已整改|P2
gz|GzRefundGoodsMapper.xml|insertGzRefundGoods|中|增加 bind 当前租户并在 where 强制 tenant_id = #{tenantId}|已整改|P2
gz|GzRefundGoodsMapper.xml|selectGzRefundGoodsList|中|增加 bind 当前租户并在 where 强制 tenant_id = #{tenantId}|已整改|P2
gz|GzShipmentMapper.xml|insertGzShipment|中|增加 bind 当前租户并在 where 强制 tenant_id = #{tenantId}|已整改|P2
gz|GzShipmentMapper.xml|selectGzShipmentList|中|增加 bind 当前租户并在 where 强制 tenant_id = #{tenantId}|已整改|P2
gz|GzTraceabilityMapper.xml|insertGzTraceability|中|增加 bind 当前租户并在 where 强制 tenant_id = #{tenantId}|已整改|P2
gz|GzTraceabilityMapper.xml|selectGzTraceabilityList|中|增加 bind 当前租户并在 where 强制 tenant_id = #{tenantId}|已整改|P2
gz|GzTraceabilityMapper.xml|selectMaxTraceNo|中|增加 bind 当前租户并在 where 强制 tenant_id = #{tenantId}|已整改|P2
gzDepartment|GzDepApplyMapper.xml|insertGzDepApply|中|增加 bind 当前租户并在 where 强制 tenant_id = #{tenantId}|已整改|P2
gzDepartment|GzDepApplyMapper.xml|selectGzDepApplyList|中|增加 bind 当前租户并在 where 强制 tenant_id = #{tenantId}|已整改|P2
